{
  "version": 1,
  "author": "Jose Gonzalez",
  "editor": "wokwi",
  "parts": [
    { "type": "wokwi-esp32-devkit-v1", "id": "esp", "top": 0, "left": 0.76, "attrs": {} },
    {
      "type": "wokwi-led",
      "id": "led1",
      "top": -47.84,
      "left": 128.97,
      "attrs": { "color": "red", "flip": "1" }
    },
    {
      "type": "wokwi-led",
      "id": "led2",
      "top": -27.18,
      "left": 147.64,
      "attrs": { "color": "red", "flip": "1" }
    },
    {
      "type": "wokwi-led",
      "id": "led3",
      "top": -7.17,
      "left": 174.3,
      "attrs": { "color": "red", "flip": "1" }
    },
    {
      "type": "wokwi-led",
      "id": "led4",
      "top": 5.49,
      "left": 193.64,
      "attrs": { "color": "red", "flip": "1" }
    },
    {
      "type": "wokwi-led",
      "id": "led5",
      "top": 16.16,
      "left": 217.64,
      "attrs": { "color": "red", "flip": "1" }
    },
    {
      "type": "wokwi-pushbutton",
      "id": "btn1",
      "top": -52.2,
      "left": -131.6,
      "attrs": { "color": "green", "bounce": "1" }
    },
    {
      "type": "wokwi-pushbutton",
      "id": "btn2",
      "top": -1.62,
      "left": -132.09,
      "attrs": { "color": "green" }
    },
    {
      "type": "wokwi-pushbutton",
      "id": "btn3",
      "top": 49.14,
      "left": -129.79,
      "attrs": { "color": "green" }
    },
    { "type": "wokwi-potentiometer", "id": "pot1", "top": 128.93, "left": -177.4, "attrs": {} },
    { "type": "wokwi-potentiometer", "id": "pot2", "top": 212.36, "left": -171.75, "attrs": {} }
  ],
  "connections": [
    [ "esp:TX0", "$serialMonitor:RX", "", [] ],
    [ "esp:RX0", "$serialMonitor:TX", "", [] ],
    [ "pot2:GND", "esp:GND.2", "black", [ "v14.79", "h121.25", "v-146.65" ] ],
    [ "pot2:VCC", "esp:3V3", "red", [ "v-0.42", "h246.8", "v-121.94" ] ],
    [ "esp:GND.2", "led1:C", "black", [ "h-26.93", "v67.3", "h174.9" ] ],
    [ "esp:GND.2", "led2:C", "black", [ "h-26.41", "v66.79", "h193.05" ] ],
    [ "esp:GND.2", "led3:C", "black", [ "h-26.41", "v66.79", "h219.71" ] ],
    [ "esp:GND.2", "led4:C", "black", [ "h-26.93", "v67.3", "h239.57" ] ],
    [ "esp:GND.2", "led5:C", "black", [ "h-26.41", "v66.79", "h263.05" ] ],
    [ "led1:A", "esp:D23", "green", [ "v0" ] ],
    [ "esp:D22", "led2:A", "green", [ "h0" ] ],
    [ "esp:D21", "led3:A", "green", [ "h0" ] ],
    [ "esp:D19", "led4:A", "green", [ "h0" ] ],
    [ "led5:A", "esp:D18", "green", [ "v0" ] ],
    [ "esp:GND.2", "btn3:2.l", "black", [ "h-83.42", "v-45.79", "h-63.83" ] ],
    [ "esp:GND.2", "btn2:2.l", "black", [ "h-81.61", "v-44.59", "h-65.03", "v-71.66" ] ],
    [ "esp:GND.2", "btn1:2.l", "black", [ "h-84.62", "v-47", "h-71.66", "v-121.63" ] ],
    [ "btn1:1.r", "esp:D34", "green", [ "v0.15", "h39.52", "v92.96" ] ],
    [ "esp:D35", "btn2:1.r", "green", [ "h-47.55", "v-55.52" ] ],
    [ "esp:D32", "btn3:1.r", "green", [ "h-56.91", "v-15.75" ] ],
    [ "pot1:GND", "esp:GND.2", "black", [ "v17.87", "h151.6" ] ],
    [ "pot1:VCC", "esp:3V3", "red", [ "v13.63", "h252.06", "v-44.46" ] ],
    [ "pot1:SIG", "esp:VP", "green", [ "h49.01", "v-79.21", "h78.74", "v-84.22" ] ],
    [ "pot2:SIG", "esp:VN", "green", [ "h121.92", "v-236.86" ] ]
  ]
}